id,server_id,server_name,start_time
1,1001,server1,2019-03-06 11:43:28
2,1002,server2,2019-03-06 11:43:29
3,1003,server3,2019-03-06 11:43:30
4,1004,server4,2019-03-06 11:43:31
5,1005,server5,2019-03-06 11:43:32
6,1006,server6,2019-03-06 11:43:33
7,1007,server7,2019-03-06 11:43:34
8,1008,server8,2019-03-06 11:43:35
9,1009,server9,2019-03-06 11:43:36
10,1010,server10,2019-03-06 11:43:37
11,1011,server11,2019-03-06 11:43:38
12,1012,server12,2019-03-06 11:43:39
13,1013,server13,2019-03-06 11:43:40
14,1014,server14,2019-03-06 11:43:41
15,1015,server15,2019-03-06 11:43:42
16,1016,server16,2019-03-06 11:43:43
19,1017,server17,2019-03-06 11:43:44
